City_ID,City,Country,Date,Lat,Lng,Max Temp,Humidity,Cloudiness,Wind Speed,Current Description
0,Thompson,CA,2021-12-08 20:23:49,55.7435,-97.8558,-12.84,77,90,0.0,overcast clouds
1,Esmeraldas,BR,2021-12-08 20:23:05,-19.7625,-44.3139,70.84,81,63,4.47,broken clouds
2,Grand Gaube,MU,2021-12-08 20:27:19,-20.0064,57.6608,77.38,69,25,5.01,scattered clouds
3,Maple Creek,CA,2021-12-08 20:27:19,49.9168,-109.4848,45.01,53,18,20.71,few clouds
4,Khatanga,RU,2021-12-08 20:27:19,71.9667,102.5,1.33,95,100,11.95,light snow
5,Bredasdorp,ZA,2021-12-08 20:27:20,-34.5322,20.0403,65.28,89,99,12.55,overcast clouds
6,Mahibadhoo,MV,2021-12-08 20:27:20,3.7833,72.9667,81.79,76,100,8.88,overcast clouds
7,Kodiak,US,2021-12-08 20:24:22,57.79,-152.4072,36.91,65,75,23.02,broken clouds
8,Leningradskiy,RU,2021-12-08 20:27:21,69.3833,178.4167,-7.96,94,100,16.87,overcast clouds
9,Latehar,IN,2021-12-08 20:27:21,23.75,84.5,58.91,69,0,2.57,clear sky
10,Cape Town,ZA,2021-12-08 20:23:36,-33.9258,18.4232,71.11,69,0,1.01,clear sky
11,Tura,IN,2021-12-08 20:27:22,25.5198,90.2201,61.34,83,0,3.89,clear sky
12,Albany,US,2021-12-08 20:25:44,42.6001,-73.9662,35.62,79,100,3.02,overcast clouds
13,Okhotsk,RU,2021-12-08 20:27:22,59.3833,143.3,-22.36,80,1,14.52,clear sky
14,Ilulissat,GL,2021-12-08 20:27:22,69.2167,-51.1,6.13,86,100,4.16,overcast clouds
15,Taoudenni,ML,2021-12-08 20:26:39,22.6783,-3.9836,65.79,15,99,9.24,overcast clouds
16,Geraldton,AU,2021-12-08 20:27:23,-28.7667,114.6,70.21,88,90,8.05,light rain
17,Butaritari,KI,2021-12-08 20:27:23,3.0707,172.7902,82.4,77,99,12.86,overcast clouds
18,Iqaluit,CA,2021-12-08 20:27:23,63.7506,-68.5145,6.53,77,90,3.0,light shower snow
19,Saint-Philippe,RE,2021-12-08 20:27:23,-21.3585,55.7679,74.75,74,28,10.04,scattered clouds
20,Shellbrook,CA,2021-12-08 20:27:24,53.2168,-106.4011,11.43,94,100,11.95,light snow
21,Bloomfield,US,2021-12-08 20:22:49,40.8068,-74.1854,43.05,67,40,3.0,scattered clouds
22,Aklavik,CA,2021-12-08 20:24:37,68.2191,-135.0107,16.52,79,90,10.36,light snow
23,Avarua,CK,2021-12-08 20:27:25,-21.2078,-159.775,78.85,89,90,4.61,light rain
24,Port Elizabeth,ZA,2021-12-08 20:27:25,-33.918,25.5701,65.1,100,90,6.91,light rain
25,Mataura,NZ,2021-12-08 20:27:25,-46.1927,168.8643,52.48,93,97,1.25,overcast clouds
26,Rikitea,PF,2021-12-08 20:27:26,-23.1203,-134.9692,75.69,67,49,21.23,scattered clouds
27,Tangwani,PK,2021-12-08 20:27:26,28.2787,68.9972,55.33,27,0,2.35,clear sky
28,North Platte,US,2021-12-08 20:27:26,41.1239,-100.7654,58.98,31,1,4.0,clear sky
29,Barrow,US,2021-12-08 20:27:26,71.2906,-156.7887,8.62,72,90,26.46,haze
30,Puerto Colombia,CO,2021-12-08 20:27:27,10.9878,-74.9547,86.09,72,35,18.92,scattered clouds
31,Hilo,US,2021-12-08 20:27:27,19.7297,-155.09,78.8,46,90,5.75,light rain
32,Rafai,CF,2021-12-08 20:27:28,4.95,23.9167,73.81,61,54,2.95,broken clouds
33,Tuktoyaktuk,CA,2021-12-08 20:27:28,69.4541,-133.0374,12.2,92,90,12.66,overcast clouds
34,Onega,RU,2021-12-08 20:27:29,63.9061,38.1404,11.34,96,98,1.59,overcast clouds
35,Dingle,PH,2021-12-08 20:27:29,10.9995,122.6711,75.47,90,97,13.24,moderate rain
36,Alakurtti,RU,2021-12-08 20:27:29,66.9672,30.3491,3.63,92,100,3.2,overcast clouds
37,Vila Velha,BR,2021-12-08 20:27:30,-20.3297,-40.2925,71.55,95,90,5.01,overcast clouds
38,Bluff,NZ,2021-12-08 20:27:30,-46.6,168.3333,52.81,87,100,4.14,overcast clouds
39,Yulara,AU,2021-12-08 20:27:30,-25.2406,130.9889,69.64,40,2,8.05,clear sky
40,Palmer,US,2021-12-08 20:27:30,42.1584,-72.3287,35.85,59,90,1.99,overcast clouds
41,Pangnirtung,CA,2021-12-08 20:27:31,66.1451,-65.7125,5.0,72,90,5.75,overcast clouds
42,Torbay,CA,2021-12-08 20:27:31,47.6666,-52.7314,36.57,75,90,14.97,overcast clouds
43,Akot,IN,2021-12-08 20:27:31,21.0964,77.0586,67.66,57,0,6.17,clear sky
44,Busselton,AU,2021-12-08 20:27:32,-33.65,115.3333,78.04,49,2,9.98,clear sky
45,Diffa,NE,2021-12-08 20:27:32,13.3154,12.6113,72.5,16,6,9.75,clear sky
46,Cap Malheureux,MU,2021-12-08 20:28:32,-19.9842,57.6142,77.47,69,21,5.01,few clouds
47,Guerrero Negro,MX,2021-12-08 20:28:33,27.9769,-114.0611,69.19,52,100,5.44,overcast clouds
48,West Wendover,US,2021-12-08 20:28:31,40.7391,-114.0733,36.61,65,1,4.61,clear sky
49,Vanavara,RU,2021-12-08 20:28:33,60.34,102.2797,-6.9,89,63,9.33,broken clouds
50,Qaanaaq,GL,2021-12-08 20:28:34,77.484,-69.3632,7.65,66,15,7.56,few clouds
51,Jamestown,US,2021-12-08 20:28:34,42.097,-79.2353,29.52,87,90,11.01,light snow
52,Katsuura,JP,2021-12-08 20:28:34,35.1333,140.3,52.2,78,100,26.55,overcast clouds
53,Punta Arenas,CL,2021-12-08 20:26:25,-53.15,-70.9167,60.91,31,0,8.05,clear sky
54,Port Alfred,ZA,2021-12-08 20:28:35,-33.5906,26.891,68.86,94,100,13.27,light rain
55,Castro,BR,2021-12-08 20:28:35,-24.7911,-50.0119,71.73,46,5,4.29,clear sky
56,Itarema,BR,2021-12-08 20:28:35,-2.9248,-39.9167,83.98,66,22,16.62,few clouds
57,Iskateley,RU,2021-12-08 20:28:36,67.6803,53.1512,-2.02,90,5,8.16,clear sky
58,Ushuaia,AR,2021-12-08 20:28:36,-54.8,-68.3,55.06,44,0,4.61,clear sky
59,Skibbereen,IE,2021-12-08 20:28:37,51.55,-9.2667,39.0,66,60,16.53,broken clouds
60,Ambon,ID,2021-12-08 20:28:37,-3.6954,128.1814,75.34,100,40,3.44,scattered clouds
61,Askiz,RU,2021-12-08 20:28:37,53.1319,90.5264,6.76,87,24,5.21,few clouds
62,Hobart,AU,2021-12-08 20:23:38,-42.8794,147.3294,51.26,80,75,9.22,broken clouds
63,Florence,IT,2021-12-08 20:23:51,43.7667,11.25,49.64,97,75,1.14,mist
64,Bonavista,CA,2021-12-08 20:28:38,48.6499,-53.1147,33.12,53,100,16.53,overcast clouds
65,Inirida,CO,2021-12-08 20:25:02,3.8653,-67.9239,81.81,88,97,2.84,overcast clouds
66,Hasaki,JP,2021-12-08 20:28:38,35.7333,140.8333,46.8,75,100,32.53,light rain
67,Richards Bay,ZA,2021-12-08 20:28:38,-28.783,32.0377,71.69,93,96,4.05,light rain
68,Nikolskoye,RU,2021-12-08 20:28:39,59.7035,30.7861,10.29,100,97,2.68,overcast clouds
69,Kavaratti,IN,2021-12-08 20:28:39,10.5669,72.642,80.28,73,4,5.39,clear sky
70,Sao Filipe,CV,2021-12-08 20:28:39,14.8961,-24.4956,77.45,64,100,8.55,overcast clouds
71,Dikson,RU,2021-12-08 20:28:39,73.5069,80.5464,-1.48,93,100,23.78,overcast clouds
72,Honiara,SB,2021-12-08 20:28:40,-9.4333,159.95,78.8,91,100,3.06,moderate rain
73,Bagotville,AU,2021-12-08 20:28:40,-28.9833,153.4167,65.64,98,6,4.29,clear sky
74,Iquique,CL,2021-12-08 20:23:58,-20.2208,-70.1431,68.04,71,82,10.2,broken clouds
75,Mahebourg,MU,2021-12-08 20:28:41,-20.4081,57.7,77.25,78,20,3.44,few clouds
76,Ambatondrazaka,MG,2021-12-08 20:28:41,-17.8333,48.4167,62.98,92,6,2.57,clear sky
77,Vila,PT,2021-12-08 20:28:41,42.0304,-8.1588,40.33,94,100,8.25,light rain
78,Ngama,TD,2021-12-08 20:28:42,11.7833,17.1667,78.67,16,26,11.41,scattered clouds
79,Mar Del Plata,AR,2021-12-08 20:28:42,-38.0023,-57.5575,71.62,86,0,21.99,clear sky
80,Carlyle,US,2021-12-08 20:28:42,38.6103,-89.3726,48.52,43,0,1.01,clear sky
81,Adrar,MR,2021-12-08 20:28:43,20.5022,-10.0711,65.16,12,14,11.79,few clouds
82,Yellowknife,CA,2021-12-08 20:25:29,62.456,-114.3525,6.42,95,90,6.91,light snow
83,Atuona,PF,2021-12-08 20:28:43,-9.8,-139.0333,78.08,75,14,17.4,few clouds
84,Cayenne,GF,2021-12-08 20:28:44,4.9333,-52.3333,78.84,85,90,3.0,overcast clouds
85,Maunabo,PR,2021-12-08 20:24:23,18.0072,-65.8993,84.7,74,15,11.36,few clouds
86,Nouakchott,MR,2021-12-08 20:28:44,18.0858,-15.9785,78.73,26,55,10.89,broken clouds
87,Chuy,UY,2021-12-08 20:24:12,-33.6971,-53.4616,71.37,58,1,13.51,clear sky
88,Valparaiso,CL,2021-12-08 20:27:38,-33.0393,-71.6273,71.83,62,0,10.36,clear sky
89,Bethel,US,2021-12-08 20:28:45,41.3712,-73.414,38.48,71,90,3.44,overcast clouds
90,Cacador,BR,2021-12-08 20:28:45,-26.7753,-51.015,75.61,33,0,4.81,clear sky
91,Kerema,PG,2021-12-08 20:29:45,-7.9631,145.7785,77.86,86,99,6.71,overcast clouds
92,Faya,SA,2021-12-08 20:29:45,18.3851,42.4509,55.51,69,1,3.06,clear sky
93,Safranbolu,TR,2021-12-08 20:29:46,41.2508,32.6942,47.64,89,100,3.24,overcast clouds
94,Zajecar,RS,2021-12-08 20:29:46,43.9036,22.2641,29.57,89,18,5.73,few clouds
95,Terney,RU,2021-12-08 20:29:46,45.0503,136.6092,27.66,67,1,5.44,clear sky
96,Padampur,IN,2021-12-08 20:29:47,29.6833,73.6167,59.56,35,0,2.82,clear sky
97,Airai,TL,2021-12-08 20:29:47,-8.9266,125.4092,60.64,92,92,1.36,overcast clouds
98,San Buenaventura,MX,2021-12-08 20:29:47,27.0833,-101.5333,80.47,31,40,0.0,scattered clouds
99,Bobrov,RU,2021-12-08 20:29:48,51.0961,40.0333,38.44,93,100,5.73,overcast clouds
100,Jiexiu,CN,2021-12-08 20:29:48,37.0244,111.9125,36.34,66,4,7.02,clear sky
101,Vaini,TO,2021-12-08 20:29:48,-21.2,-175.2,80.76,78,20,9.22,few clouds
102,Asau,RO,2021-12-08 20:29:48,46.4333,26.4,31.95,78,100,1.97,overcast clouds
103,Mitsamiouli,KM,2021-12-08 20:29:49,-11.3847,43.2844,80.26,76,42,10.49,scattered clouds
104,Lata,PT,2021-12-08 20:29:49,40.1629,-8.3327,52.92,82,85,10.4,overcast clouds
105,Clyde River,CA,2021-12-08 20:29:49,70.4692,-68.5914,7.03,78,35,4.61,scattered clouds
106,Aberdeen,GB,2021-12-08 20:29:26,57.1437,-2.0981,42.21,95,75,8.05,broken clouds
107,Arkhangelsk,RU,2021-12-08 20:29:50,64.5401,40.5433,10.51,92,90,2.24,light snow
108,Requena,ES,2021-12-08 20:29:50,39.4883,-1.1004,45.14,62,69,27.58,broken clouds
109,Tucuman,AR,2021-12-08 20:29:50,-26.8241,-65.2226,86.0,54,75,5.75,broken clouds
110,Jinchang,CN,2021-12-08 20:29:51,38.4953,102.1739,30.43,34,4,2.17,clear sky
111,Souillac,MU,2021-12-08 20:29:51,-20.5167,57.5167,77.36,78,20,3.44,few clouds
112,Kaitangata,NZ,2021-12-08 20:29:51,-46.2817,169.8464,56.82,78,82,1.25,broken clouds
113,Mayumba,GA,2021-12-08 20:29:52,-3.432,10.6554,78.82,90,89,2.75,overcast clouds
114,Casa Nova,BR,2021-12-08 20:29:52,-9.4167,-41.1333,91.38,41,64,10.47,broken clouds
115,Huayang,CN,2021-12-08 20:29:52,34.4155,109.9939,31.06,60,0,2.68,clear sky
116,Kapaa,US,2021-12-08 20:29:53,22.0752,-159.319,82.38,77,75,3.0,light rain
117,Batagay-Alyta,RU,2021-12-08 20:29:53,67.8006,130.4114,-28.95,91,100,1.52,overcast clouds
118,Ninh Binh,VN,2021-12-08 20:29:53,20.2539,105.975,63.82,81,100,7.74,overcast clouds
119,Chokurdakh,RU,2021-12-08 20:29:54,70.6333,147.9167,-47.78,100,97,3.38,overcast clouds
120,Atar,MR,2021-12-08 20:29:54,20.5169,-13.0499,71.58,12,62,11.21,broken clouds
121,Aasiaat,GL,2021-12-08 20:29:54,68.7098,-52.8699,5.72,86,100,7.14,overcast clouds
122,Hambantota,LK,2021-12-08 20:29:55,6.1241,81.1185,77.2,87,99,10.51,overcast clouds
123,Ust-Omchug,RU,2021-12-08 20:29:55,61.15,149.6333,-45.47,100,53,1.41,broken clouds
124,Hithadhoo,MV,2021-12-08 20:29:55,-0.6,73.0833,81.68,75,90,10.47,light rain
125,East London,ZA,2021-12-08 20:29:56,-33.0153,27.9116,70.52,93,100,11.83,light rain
126,Zhaozhou,CN,2021-12-08 20:29:56,45.6833,125.3167,23.79,91,99,8.41,overcast clouds
127,Fort Saint James,CA,2021-12-08 20:29:56,54.4333,-124.25,30.42,54,11,11.01,few clouds
128,Marzuq,YE,2021-12-08 20:29:57,14.4,46.4667,59.14,13,0,1.34,clear sky
129,Ribeira Grande,PT,2021-12-08 20:29:57,38.5167,-28.7,61.2,67,75,6.91,broken clouds
130,Tomatlan,MX,2021-12-08 20:29:57,19.9333,-105.25,90.27,29,5,8.14,clear sky
131,Nouadhibou,MR,2021-12-08 20:29:57,20.931,-17.0347,71.58,43,6,18.41,clear sky
132,Farcasa,RO,2021-12-08 20:29:58,47.5833,23.3333,36.43,93,90,2.3,overcast clouds
133,Kenora,CA,2021-12-08 20:29:58,49.8167,-94.4337,10.38,72,90,8.05,overcast clouds
134,Narsaq,GL,2021-12-08 20:29:59,60.9167,-46.05,30.42,86,83,10.33,broken clouds
135,Rawson,AR,2021-12-08 20:26:56,-43.3002,-65.1023,57.27,53,3,18.39,clear sky
136,Mangrol,IN,2021-12-08 20:29:59,21.1167,70.1167,72.25,56,0,12.73,clear sky
137,Nabire,ID,2021-12-08 20:30:59,-3.3667,135.4833,76.75,86,100,3.47,light rain
138,Sitka,US,2021-12-08 20:31:00,57.0531,-135.33,39.09,81,90,10.36,light rain
139,Caceres,ES,2021-12-08 20:31:00,39.522,-6.3748,45.81,74,58,12.03,broken clouds
140,Ravar,IR,2021-12-08 20:31:00,31.2656,56.8055,50.23,31,100,1.74,overcast clouds
141,Sorong,ID,2021-12-08 20:31:00,-0.8833,131.25,80.87,80,100,5.3,overcast clouds
142,San Vicente,AR,2021-12-08 20:31:01,-26.6167,-54.1333,82.53,21,0,5.82,clear sky
143,Vostok,RU,2021-12-08 20:31:01,46.4856,135.8833,11.62,88,31,4.68,scattered clouds
144,Cidreira,BR,2021-12-08 20:31:01,-30.1811,-50.2056,69.39,68,9,12.41,clear sky
145,Fare,PF,2021-12-08 20:31:02,-16.7,-151.0167,81.3,75,75,14.83,broken clouds
146,Bambous Virieux,MU,2021-12-08 20:31:02,-20.3428,57.7575,77.22,78,20,3.44,few clouds
147,Yumen,CN,2021-12-08 20:31:03,40.2833,97.2,28.2,59,95,15.26,overcast clouds
148,Tombouctou,ML,2021-12-08 20:31:03,20.0,-3.0,67.55,13,30,11.14,scattered clouds
149,Belaya Gora,RU,2021-12-08 20:31:03,68.5333,146.4167,-49.4,100,97,2.17,overcast clouds
150,Yatou,CN,2021-12-08 20:31:04,37.15,122.3833,45.23,74,100,2.98,overcast clouds
151,Ust-Kuyga,RU,2021-12-08 20:26:20,70.0167,135.6,-30.87,96,99,7.38,overcast clouds
152,Vardo,NO,2021-12-08 20:31:04,70.3705,31.1107,11.95,74,5,16.33,clear sky
153,Sackville,CA,2021-12-08 20:31:04,45.9188,-64.3846,27.48,45,100,4.41,overcast clouds
154,Beringovskiy,RU,2021-12-08 20:31:05,63.05,179.3167,0.25,97,100,13.94,light snow
155,Tiksi,RU,2021-12-08 20:31:05,71.6872,128.8694,-19.57,96,100,6.69,overcast clouds
156,Coihaique,CL,2021-12-08 20:31:05,-45.5752,-72.0662,75.15,35,20,10.36,few clouds
157,Mehamn,NO,2021-12-08 20:31:05,71.0357,27.8492,21.38,82,12,11.39,few clouds
158,Kefamenanu,ID,2021-12-08 20:31:06,-9.4467,124.4781,72.09,89,95,2.1,overcast clouds
159,Guadalupe Y Calvo,MX,2021-12-08 20:31:06,26.1,-106.9667,61.95,16,82,9.6,broken clouds
160,Namibe,AO,2021-12-08 20:27:34,-15.1961,12.1522,69.46,72,0,5.12,clear sky
161,Kieta,PG,2021-12-08 20:31:07,-6.2167,155.6333,80.98,84,100,2.91,overcast clouds
162,Hays,US,2021-12-08 20:31:07,30.0502,-98.0336,79.63,38,50,1.01,scattered clouds
163,Half Moon Bay,US,2021-12-08 20:30:11,37.4636,-122.4286,60.57,87,75,0.0,mist
164,Pitimbu,BR,2021-12-08 20:31:07,-7.4706,-34.8086,82.99,74,7,11.27,clear sky
165,Akureyri,IS,2021-12-08 20:31:08,65.6835,-18.0878,17.53,86,0,8.05,clear sky
166,Kendari,ID,2021-12-08 20:31:08,-3.945,122.4989,75.76,89,100,2.93,overcast clouds
167,Saskylakh,RU,2021-12-08 20:31:08,71.9167,114.0833,-6.97,90,100,9.24,overcast clouds
168,Xining,CN,2021-12-08 20:31:08,36.6167,101.7667,28.31,39,1,1.19,clear sky
169,Hailar,CN,2021-12-08 20:31:09,49.2,119.7,18.64,91,100,8.57,overcast clouds
170,Envira,BR,2021-12-08 20:31:09,-7.3,-70.2167,82.36,80,82,1.7,broken clouds
171,Alacranes,CU,2021-12-08 20:31:09,22.7675,-81.5675,84.69,47,22,1.34,few clouds
172,Plainview,US,2021-12-08 20:30:58,40.7765,-73.4673,42.89,78,90,1.99,overcast clouds
173,Omboue,GA,2021-12-08 20:31:10,-1.5746,9.2618,77.38,90,51,5.75,light rain
174,Margate,GB,2021-12-08 20:31:10,51.3813,1.3862,44.46,74,81,1.99,broken clouds
175,Ponta Do Sol,PT,2021-12-08 20:31:11,32.6667,-17.1,64.13,72,38,8.86,scattered clouds
176,Hermanus,ZA,2021-12-08 20:31:11,-34.4187,19.2345,70.9,85,95,13.73,overcast clouds
177,Lebu,CL,2021-12-08 20:31:02,-37.6167,-73.65,61.7,75,10,18.66,clear sky
178,Grindavik,IS,2021-12-08 20:31:11,63.8424,-22.4338,36.07,87,75,24.16,broken clouds
179,Zhuhai,CN,2021-12-08 20:31:12,22.2769,113.5678,67.71,77,0,13.8,clear sky
180,Xichang,CN,2021-12-08 20:31:12,27.8964,102.2634,53.65,83,99,0.87,overcast clouds
181,Mingguang,CN,2021-12-08 20:31:12,32.7802,117.9638,46.87,82,96,4.41,overcast clouds
182,Korla,CN,2021-12-08 20:31:12,41.7597,86.1469,26.83,55,100,4.0,overcast clouds
183,Peruibe,BR,2021-12-08 20:32:13,-24.32,-46.9983,68.13,88,25,8.66,scattered clouds
184,Upernavik,GL,2021-12-08 20:32:13,72.7868,-56.1549,6.82,89,95,7.25,overcast clouds
185,San Patricio,US,2021-12-08 20:32:13,28.017,-97.5169,81.01,45,42,6.8,scattered clouds
186,Aksu,CN,2021-12-08 20:32:14,41.1231,80.2644,27.66,46,2,0.58,clear sky
187,Kaihua,CN,2021-12-08 20:32:14,23.3687,104.28,45.05,87,0,2.3,clear sky
188,Nuevo Progreso,MX,2021-12-08 20:32:14,23.1667,-97.95,87.6,70,88,5.01,overcast clouds
189,New Norfolk,AU,2021-12-08 20:32:15,-42.7826,147.0587,51.93,70,5,1.59,clear sky
190,Nelson Bay,AU,2021-12-08 20:32:15,-32.7167,152.15,65.08,95,96,1.01,overcast clouds
191,Praia Da Vitoria,PT,2021-12-08 20:32:15,38.7333,-27.0667,59.25,88,75,0.63,broken clouds
192,Hay River,CA,2021-12-08 20:32:15,60.8156,-115.7999,4.98,85,90,11.5,light snow
193,Pozo Colorado,PY,2021-12-08 20:32:16,-23.4923,-58.7972,98.47,19,1,7.87,clear sky
194,Esperance,AU,2021-12-08 20:32:16,-33.8667,121.9,57.04,75,0,18.37,clear sky
195,Kahului,US,2021-12-08 20:32:16,20.8947,-156.47,79.86,80,75,9.22,broken clouds
196,Hinton,CA,2021-12-08 20:29:42,53.4001,-117.5857,31.1,49,100,14.16,overcast clouds
197,Alice Springs,AU,2021-12-08 20:32:03,-23.7,133.8833,65.75,55,90,11.5,overcast clouds
198,Vao,NC,2021-12-08 20:32:17,-22.6667,167.4833,78.3,82,29,11.45,scattered clouds
199,Puerto Ayora,EC,2021-12-08 20:31:15,-0.7393,-90.3518,80.56,78,88,8.66,overcast clouds
200,Bundaberg,AU,2021-12-08 20:32:17,-24.85,152.35,73.69,100,44,3.44,scattered clouds
201,Natal,BR,2021-12-08 20:32:17,-5.795,-35.2094,84.85,70,40,13.8,scattered clouds
202,Gizo,SB,2021-12-08 20:32:18,-8.103,156.8419,82.09,83,100,12.15,moderate rain
203,Hastings,GB,2021-12-08 20:30:10,50.8552,0.5729,43.92,66,84,21.47,broken clouds
204,Nioro,GM,2021-12-08 20:32:19,13.35,-15.75,84.16,16,97,4.68,overcast clouds
205,Vestmannaeyjar,IS,2021-12-08 20:32:19,63.4427,-20.2734,40.86,65,100,30.53,overcast clouds
206,Podgorenskiy,RU,2021-12-08 20:28:17,50.405,39.6429,37.99,96,100,6.76,overcast clouds
207,Faanui,PF,2021-12-08 20:32:19,-16.4833,-151.75,81.34,76,27,14.03,scattered clouds
208,Sinnamary,GF,2021-12-08 20:32:20,5.3833,-52.95,78.37,88,100,8.52,overcast clouds
209,Cervo,ES,2021-12-08 20:32:20,43.6702,-7.4101,51.96,79,100,19.73,light rain
210,Hami,CN,2021-12-08 20:32:20,42.8,93.45,28.06,62,99,4.43,overcast clouds
211,Lebedyn,UA,2021-12-08 20:32:21,50.5852,34.4849,39.56,94,100,10.36,overcast clouds
212,Ayan,RU,2021-12-08 20:32:10,56.45,138.1667,14.86,69,82,2.46,broken clouds
213,Sisimiut,GL,2021-12-08 20:32:21,66.9395,-53.6735,19.04,60,98,8.57,overcast clouds
214,Saint-Gabriel,CA,2021-12-08 20:32:21,46.3001,-73.3824,12.02,88,100,6.98,overcast clouds
215,Nieuw Amsterdam,SR,2021-12-08 20:32:22,5.8833,-55.0833,81.01,89,40,4.61,light rain
216,Diego De Almagro,CL,2021-12-08 20:31:20,-26.3667,-70.05,77.14,26,87,11.41,overcast clouds
217,Saint-Augustin,CA,2021-12-08 20:32:22,51.226,-58.6502,18.27,47,64,15.73,broken clouds
218,Changji,CN,2021-12-08 20:32:22,44.0167,87.3167,25.59,80,75,4.47,mist
219,Kruisfontein,ZA,2021-12-08 20:32:23,-34.0033,24.7314,62.89,93,97,4.72,overcast clouds
220,Brae,GB,2021-12-08 20:32:23,60.3964,-1.353,44.51,84,100,30.62,overcast clouds
221,Te Anau,NZ,2021-12-08 20:32:23,-45.4167,167.7167,58.66,72,83,3.78,broken clouds
222,Kolda,SN,2021-12-08 20:32:23,12.8833,-14.95,80.29,20,60,3.31,broken clouds
223,Gornopravdinsk,RU,2021-12-08 20:32:24,60.05,69.9,-4.14,97,18,5.46,few clouds
224,Liverpool,GB,2021-12-08 20:32:24,53.4106,-2.9779,46.35,87,75,14.0,broken clouds
225,Bryan,US,2021-12-08 20:32:25,30.6744,-96.37,75.65,53,1,4.61,clear sky
226,Manta,EC,2021-12-08 20:32:25,-0.95,-80.7333,80.38,74,20,14.97,few clouds
227,Severo-Kurilsk,RU,2021-12-08 20:32:25,50.6789,156.125,31.51,63,91,28.57,overcast clouds
228,Tuatapere,NZ,2021-12-08 20:32:25,-46.1333,167.6833,52.83,94,100,3.38,overcast clouds
229,Tasiilaq,GL,2021-12-08 20:33:26,65.6145,-37.6368,30.36,90,100,38.5,snow
230,Bintulu,MY,2021-12-08 20:33:26,3.1667,113.0333,75.61,100,40,0.0,scattered clouds
231,Conde,BR,2021-12-08 20:33:26,-7.2597,-34.9075,81.86,74,40,9.22,scattered clouds
232,El Vigia,VE,2021-12-08 20:33:27,8.6219,-71.6506,83.44,74,88,2.48,overcast clouds
233,Ahipara,NZ,2021-12-08 20:33:27,-35.1667,173.1667,71.06,67,88,2.86,overcast clouds
234,Acarau,BR,2021-12-08 20:33:27,-2.8856,-40.12,82.42,72,18,17.31,few clouds
235,Whitehorse,CA,2021-12-08 20:32:07,60.7161,-135.0538,10.09,84,75,2.3,broken clouds
236,Bud,US,2021-12-08 20:33:28,39.447,-86.1758,41.68,54,5,9.75,clear sky
237,Ostrovnoy,RU,2021-12-08 20:33:28,68.0531,39.5131,17.13,83,63,4.23,broken clouds
238,Camabatela,AO,2021-12-08 20:33:28,-8.1881,15.375,61.9,96,93,1.63,overcast clouds
239,Azul,AR,2021-12-08 20:33:29,-36.777,-59.8585,80.35,44,99,4.72,overcast clouds
240,Rayong,TH,2021-12-08 20:33:29,12.8333,101.4333,73.98,77,98,5.7,overcast clouds
241,Arraial Do Cabo,BR,2021-12-08 20:33:29,-22.9661,-42.0278,67.96,94,75,4.61,broken clouds
242,Ous,RU,2021-12-08 20:33:29,60.9058,61.5186,12.6,96,100,4.79,overcast clouds
243,Port Lincoln,AU,2021-12-08 20:33:30,-34.7333,135.8667,57.76,57,83,14.16,broken clouds
244,Kawalu,ID,2021-12-08 20:33:30,-7.3817,108.2082,73.96,95,100,0.94,overcast clouds
245,Fairbanks,US,2021-12-08 20:30:34,64.8378,-147.7164,10.74,89,90,3.44,light snow
246,Mengcheng,CN,2021-12-08 20:33:30,33.2579,116.5655,45.66,80,69,2.59,broken clouds
247,Toronto,CA,2021-12-08 20:32:28,43.7001,-79.4163,30.07,84,90,1.99,light snow
248,Lasa,IT,2021-12-08 20:33:31,46.6166,10.7002,33.26,96,100,2.19,snow
249,Kurilsk,RU,2021-12-08 20:33:31,45.2333,147.8833,33.93,65,8,3.36,clear sky
250,Mecca,SA,2021-12-08 20:32:28,21.4267,39.8261,75.11,72,57,6.04,broken clouds
251,Zhigansk,RU,2021-12-08 20:33:32,66.7697,123.3711,-20.04,96,99,10.38,overcast clouds
252,Berdigestyakh,RU,2021-12-08 20:33:32,62.0989,126.6992,-13.36,98,100,4.27,overcast clouds
253,Amga,RU,2021-12-08 20:33:32,60.8953,131.9608,-6.48,98,100,2.3,overcast clouds
254,Biak,ID,2021-12-08 20:33:33,-0.9131,122.8766,76.84,86,100,1.28,overcast clouds
255,Brigantine,US,2021-12-08 20:31:46,39.4101,-74.3646,42.04,65,1,5.75,clear sky
256,Avera,US,2021-12-08 20:33:33,33.194,-82.5271,54.91,74,70,11.48,broken clouds
257,Changping,CN,2021-12-08 20:33:34,40.2186,116.2197,35.24,96,100,0.31,light rain
258,Cedar City,US,2021-12-08 20:29:39,37.6775,-113.0619,47.37,61,90,20.71,overcast clouds
259,Berevoesti,RO,2021-12-08 20:33:34,45.2333,24.9167,33.03,87,15,4.0,few clouds
260,Dunmore Town,BS,2021-12-08 20:33:34,25.5,-76.65,77.77,80,4,5.44,clear sky
261,Tessalit,ML,2021-12-08 20:33:35,20.1986,1.0114,71.37,13,23,6.64,few clouds
262,Komsomolskiy,UZ,2021-12-08 20:33:35,40.4272,71.7189,36.82,43,0,3.06,clear sky
263,Nanakuli,US,2021-12-08 20:33:35,21.3906,-158.1547,84.15,69,1,9.22,clear sky
264,Loreto,MX,2021-12-08 20:31:08,22.2667,-101.9667,73.92,14,86,11.36,overcast clouds
265,Graham,US,2021-12-08 20:33:36,47.0529,-122.2943,46.78,76,75,1.01,broken clouds
266,Alofi,NU,2021-12-08 20:33:36,-19.0595,-169.9187,73.29,100,90,6.91,moderate rain
267,Ixtapa,MX,2021-12-08 20:33:36,20.7,-105.2,81.63,44,1,5.75,clear sky
268,Pevek,RU,2021-12-08 20:33:37,69.7008,170.3133,-18.71,97,100,2.95,overcast clouds
269,Husavik,IS,2021-12-08 20:33:37,66.0449,-17.3389,17.51,63,41,14.45,scattered clouds
270,Ust-Tsilma,RU,2021-12-08 20:33:37,65.441,52.1498,10.38,95,96,5.21,overcast clouds
271,Udachnyy,RU,2021-12-08 20:34:38,66.4167,112.4,-30.53,100,88,5.99,overcast clouds
272,Bathsheba,BB,2021-12-08 20:34:38,13.2167,-59.5167,83.01,69,40,20.71,scattered clouds
273,Pisco,PE,2021-12-08 20:34:38,-13.7,-76.2167,73.45,68,0,14.97,clear sky
274,Umm Kaddadah,SD,2021-12-08 20:34:39,13.6017,26.6876,68.41,17,0,18.68,clear sky
275,Kautokeino,NO,2021-12-08 20:34:39,69.0125,23.0412,-3.96,100,99,5.88,overcast clouds
276,Mae Ramat,TH,2021-12-08 20:34:39,16.984,98.5166,63.16,89,98,2.42,overcast clouds
277,Puerto Padre,CU,2021-12-08 20:34:40,21.195,-76.6028,88.81,59,32,10.31,scattered clouds
278,Fond Du Lac,US,2021-12-08 20:34:40,43.775,-88.4388,25.43,77,20,4.43,few clouds
279,Gombong,ID,2021-12-08 20:34:40,-7.6072,109.5142,77.65,87,99,1.61,overcast clouds
280,Petropavlovsk-Kamchatskiy,RU,2021-12-08 20:32:15,53.0452,158.6483,21.79,50,40,13.42,scattered clouds
281,Bandarbeyla,SO,2021-12-08 20:34:41,9.4942,50.8122,76.35,70,49,19.57,scattered clouds
282,Manokwari,ID,2021-12-08 20:34:41,-0.8667,134.0833,78.75,78,100,3.62,overcast clouds
283,Tonj,SS,2021-12-08 20:34:41,7.2737,28.6822,81.03,25,89,4.32,overcast clouds
284,Tucumcari,US,2021-12-08 20:34:42,35.1717,-103.725,66.04,18,1,25.32,clear sky
285,Novikovo,RU,2021-12-08 20:34:42,51.1537,37.8879,38.8,95,100,7.05,overcast clouds
286,Esil,KZ,2021-12-08 20:34:42,51.9556,66.4042,2.77,89,99,5.21,overcast clouds
287,Tezu,IN,2021-12-08 20:34:43,27.9167,96.1667,63.23,53,69,3.69,broken clouds
288,Rabo De Peixe,PT,2021-12-08 20:34:43,37.8,-25.5833,60.28,95,75,3.44,broken clouds
289,Ambilobe,MG,2021-12-08 20:34:43,-13.2,49.05,73.22,82,28,3.71,scattered clouds
290,Gao,ML,2021-12-08 20:34:43,16.6362,1.637,71.8,14,32,11.25,scattered clouds
291,Bridgeton,US,2021-12-08 20:34:44,39.4273,-75.2341,42.12,55,1,5.75,clear sky
292,Cabo San Lucas,MX,2021-12-08 20:32:06,22.8909,-109.9124,86.5,50,40,7.0,scattered clouds
293,Stornoway,GB,2021-12-08 20:34:44,58.2093,-6.3865,38.03,90,71,1.01,broken clouds
294,Baruun-Urt,MN,2021-12-08 20:34:44,46.6806,113.2792,21.4,67,100,7.83,overcast clouds
295,Coquimbo,CL,2021-12-08 20:34:45,-29.9533,-71.3436,65.93,63,0,13.8,clear sky
296,Alta Floresta,BR,2021-12-08 20:31:10,-9.8756,-56.0861,84.02,74,40,4.61,scattered clouds
297,Nanortalik,GL,2021-12-08 20:34:45,60.1432,-45.2371,26.28,82,97,14.79,overcast clouds
298,Curillo,CO,2021-12-08 20:34:46,1.0333,-75.9191,82.83,76,99,3.4,overcast clouds
299,Ancud,CL,2021-12-08 20:31:37,-41.8697,-73.8203,80.22,63,3,7.2,clear sky
300,La Ronge,CA,2021-12-08 20:30:11,55.1001,-105.2842,1.65,78,90,8.05,light snow
301,Kipini,KE,2021-12-08 20:34:46,-2.5257,40.5262,82.69,75,87,8.61,light rain
302,Evensk,RU,2021-12-08 20:34:46,61.95,159.2333,-24.29,75,95,10.69,overcast clouds
303,Harper,LR,2021-12-08 20:34:47,4.375,-7.7169,80.29,82,59,9.82,broken clouds
304,Cockburn Town,TC,2021-12-08 20:34:47,21.4612,-71.1419,80.56,69,40,11.5,scattered clouds
305,Mweka,CD,2021-12-08 20:34:47,-4.85,21.5667,68.43,99,75,1.41,light rain
306,Kashi,CN,2021-12-08 20:34:48,39.4547,75.9797,40.21,26,16,11.18,few clouds
307,Bambanglipuro,ID,2021-12-08 20:34:48,-7.95,110.2833,77.41,87,63,1.97,broken clouds
308,Rio Grande,BR,2021-12-08 20:34:48,-32.035,-52.0986,77.11,62,6,14.03,clear sky
309,Mayo,US,2021-12-08 20:31:15,38.8876,-76.5119,44.71,70,20,1.01,few clouds
310,Itaituba,BR,2021-12-08 20:34:49,-4.2761,-55.9836,91.56,58,40,0.0,scattered clouds
311,Dickson,US,2021-12-08 20:34:49,36.077,-87.3878,52.21,30,1,6.91,clear sky
312,Sur,OM,2021-12-08 20:34:49,22.5667,59.5289,74.17,45,44,8.95,scattered clouds
313,Chupa,RU,2021-12-08 20:32:11,66.27,33.0549,12.16,95,100,6.49,overcast clouds
314,Victoria,HK,2021-12-08 20:33:08,22.2855,114.1577,67.98,83,34,3.0,scattered clouds
315,Palmas,BR,2021-12-08 20:34:50,-10.2128,-48.3603,75.07,94,75,4.61,broken clouds
316,Broken Hill,AU,2021-12-08 20:34:50,-31.95,141.4333,51.51,50,0,13.8,clear sky
317,Sidney,AU,2021-12-08 20:32:17,-33.8679,151.2073,62.71,95,75,1.01,light rain
318,Dalian,CN,2021-12-08 20:34:51,38.9122,121.6022,49.62,76,0,4.47,clear sky
319,Molteno,ZA,2021-12-08 20:35:51,-31.3968,26.3625,59.23,89,91,4.56,overcast clouds
320,Westport,US,2021-12-08 20:35:29,41.1415,-73.3579,41.79,78,90,7.0,overcast clouds
321,Isangel,VU,2021-12-08 20:35:51,-19.55,169.2667,80.71,83,40,0.0,scattered clouds
322,Tayu,ID,2021-12-08 20:35:52,-6.5397,111.0518,76.68,90,100,7.76,light rain
323,Bella Union,UY,2021-12-08 20:35:52,-30.2752,-57.6007,93.04,19,0,8.72,clear sky
324,Codrington,AU,2021-12-08 20:35:52,-38.2667,141.9667,56.41,62,58,18.01,broken clouds
325,Guasdualito,VE,2021-12-08 20:35:53,7.2424,-70.7324,89.6,51,40,6.91,scattered clouds
326,Plettenberg Bay,ZA,2021-12-08 20:35:53,-34.0527,23.3716,65.32,90,77,7.23,broken clouds
327,Kristianstad,SE,2021-12-08 20:35:53,56.0313,14.1524,34.18,94,90,11.5,overcast clouds
328,San Cristobal,VE,2021-12-08 20:35:54,7.7669,-72.225,77.18,54,98,0.51,overcast clouds
329,Dosso,NE,2021-12-08 20:35:54,13.049,3.1937,73.94,15,3,10.13,clear sky
330,Kaeo,NZ,2021-12-08 20:35:54,-35.1,173.7833,67.32,93,99,3.49,overcast clouds
331,Lorengau,PG,2021-12-08 20:35:54,-2.0226,147.2712,80.42,85,100,17.02,overcast clouds
332,Sioux Lookout,CA,2021-12-08 20:35:55,50.1001,-91.917,7.18,72,75,3.44,broken clouds
333,Divnomorskoye,RU,2021-12-08 20:35:55,44.5011,38.1353,53.06,88,57,5.64,broken clouds
334,Berlevag,NO,2021-12-08 20:32:31,70.8578,29.0864,15.75,62,0,28.77,clear sky
335,Healdsburg,US,2021-12-08 20:35:55,38.6105,-122.8692,56.1,83,75,1.99,mist
336,Rawah,IQ,2021-12-08 20:35:56,34.4816,41.9093,56.03,26,46,8.16,scattered clouds
337,Teguldet,RU,2021-12-08 20:35:56,57.3064,88.1667,0.19,94,100,7.09,overcast clouds
338,Nemuro,JP,2021-12-08 20:35:56,43.3236,145.575,38.57,63,99,7.45,overcast clouds
339,Derzhavinsk,KZ,2021-12-08 20:35:57,51.1,66.3167,1.6,82,100,6.2,overcast clouds
340,Luancheng,CN,2021-12-08 20:35:57,37.8792,114.6517,35.76,88,89,4.03,overcast clouds
341,Padang,ID,2021-12-08 20:32:29,-0.9492,100.3543,77.41,87,67,4.18,broken clouds
342,Carnarvon,AU,2021-12-08 20:35:57,-24.8667,113.6333,71.67,88,90,12.66,overcast clouds
343,Haines Junction,CA,2021-12-08 20:35:58,60.7522,-137.5108,-0.45,85,100,2.3,overcast clouds
344,Kavieng,PG,2021-12-08 20:35:58,-2.5744,150.7967,80.4,86,100,21.14,moderate rain
345,Zhanaozen,KZ,2021-12-08 20:35:58,43.3,52.8,42.39,55,8,29.68,clear sky
346,Sept-Iles,CA,2021-12-08 20:35:58,50.2001,-66.3821,5.05,69,75,4.0,broken clouds
347,Martin,US,2021-12-08 20:35:59,27.0837,-80.4164,85.95,54,0,1.99,clear sky
348,Atherton,GB,2021-12-08 20:35:59,53.5237,-2.4935,45.95,91,98,8.99,light rain
349,Yangambi,CD,2021-12-08 20:35:59,0.8102,24.4336,70.65,95,75,0.65,broken clouds
350,Georgetown,MY,2021-12-08 20:34:16,5.4112,100.3354,79.9,82,20,3.0,few clouds
351,San Carlos De Bariloche,AR,2021-12-08 20:36:00,-41.1456,-71.3082,78.55,22,20,10.36,few clouds
352,Labuhan,ID,2021-12-08 20:36:00,-6.8844,112.2051,78.87,84,100,8.86,overcast clouds
353,Garowe,SO,2021-12-08 20:36:00,8.4054,48.4845,69.3,66,96,13.42,overcast clouds
354,Fukue,JP,2021-12-08 20:36:01,32.6881,128.8419,57.83,60,1,18.63,clear sky
355,Sao Joao Da Barra,BR,2021-12-08 20:36:01,-21.6403,-41.0511,69.89,91,100,7.83,overcast clouds
356,Pochutla,MX,2021-12-08 20:36:02,15.7432,-96.4661,89.82,51,30,7.11,scattered clouds
357,Turkmenabat,TM,2021-12-08 20:36:02,39.0733,63.5786,43.36,50,0,9.24,clear sky
358,Longyearbyen,SJ,2021-12-08 20:33:21,78.2186,15.6401,24.64,86,40,3.44,scattered clouds
359,Nalut,LY,2021-12-08 20:36:03,30.3333,10.85,50.99,24,25,11.54,scattered clouds
360,Tilichiki,RU,2021-12-08 20:36:03,60.4667,166.1,-10.53,99,87,6.98,overcast clouds
361,Qasigiannguit,GL,2021-12-08 20:36:04,68.8193,-51.1922,9.52,80,100,5.61,overcast clouds
362,Fanzeres,PT,2021-12-08 20:36:04,41.1709,-8.5257,51.51,86,40,8.01,scattered clouds
363,Klaksvik,FO,2021-12-08 20:36:04,62.2266,-6.589,40.12,78,100,28.05,overcast clouds
364,Takoradi,GH,2021-12-08 20:36:05,4.8845,-1.7554,80.69,82,5,6.96,clear sky
365,Noumea,NC,2021-12-08 20:36:05,-22.2763,166.4572,81.0,99,0,3.33,clear sky
366,Marau,BR,2021-12-08 20:36:05,-28.4492,-52.2,76.98,36,0,9.46,clear sky
367,Kindu,CD,2021-12-08 20:36:06,-2.95,25.95,68.43,100,100,1.77,moderate rain
368,Dakar,SN,2021-12-08 20:33:32,14.6937,-17.4441,76.08,78,76,4.61,broken clouds
369,Hamamatsu,JP,2021-12-08 20:37:06,34.7,137.7333,47.01,90,83,1.99,broken clouds
370,Balkhash,KZ,2021-12-08 20:37:06,46.844,74.9804,15.39,61,0,13.91,clear sky
371,Andenes,NO,2021-12-08 20:37:07,69.3143,16.1194,17.58,73,0,12.66,clear sky
372,Dicabisagan,PH,2021-12-08 20:37:07,17.0818,122.4157,72.18,82,100,10.11,overcast clouds
373,Arman,RU,2021-12-08 20:37:07,59.7,150.1667,-24.99,81,1,10.29,clear sky
374,Puerto Del Rosario,ES,2021-12-08 20:37:08,28.5004,-13.8627,65.95,63,40,17.27,scattered clouds
375,Santa Maria,BR,2021-12-08 20:34:17,-29.6842,-53.8069,81.7,36,0,18.41,clear sky
376,Cherskiy,RU,2021-12-08 20:37:08,68.75,161.3,-43.85,99,100,3.53,overcast clouds
377,Hargeysa,SO,2021-12-08 20:37:08,9.56,44.065,56.46,82,6,8.59,clear sky
378,Caldwell,US,2021-12-08 20:33:41,43.6629,-116.6874,51.53,79,1,0.0,clear sky
379,Hoquiam,US,2021-12-08 20:37:09,46.9809,-123.8893,48.92,68,20,9.22,few clouds
380,Lavrentiya,RU,2021-12-08 20:37:09,65.5833,-171.0,-8.09,95,56,8.84,broken clouds
381,Lazaro Cardenas,MX,2021-12-08 20:37:09,17.9583,-102.2,84.42,62,35,6.64,scattered clouds
382,Raposa,BR,2021-12-08 20:37:09,-6.5167,-44.1833,75.9,85,100,2.33,overcast clouds
383,Viedma,AR,2021-12-08 20:37:10,-40.8135,-62.9967,55.89,84,100,22.03,light rain
384,Touros,BR,2021-12-08 20:33:10,-5.1989,-35.4608,85.1,75,27,13.67,scattered clouds
385,Provideniya,RU,2021-12-08 20:37:10,64.3833,-173.3,6.91,78,90,24.61,overcast clouds
386,Bengkulu,ID,2021-12-08 20:37:10,-3.8004,102.2655,74.68,91,59,4.56,light rain
387,Quatre Cocos,MU,2021-12-08 20:37:11,-20.2078,57.7625,78.1,72,36,10.29,scattered clouds
388,Mana,GF,2021-12-08 20:37:11,5.6592,-53.7767,77.81,90,100,7.65,light rain
389,Nipawin,CA,2021-12-08 20:37:11,53.3668,-104.0009,8.64,85,90,19.57,light snow
390,Ucluelet,CA,2021-12-08 20:37:12,48.9329,-125.5528,41.09,87,98,1.99,overcast clouds
391,San Juan Nepomuceno,CO,2021-12-08 20:37:12,9.9516,-75.082,88.34,55,36,3.44,scattered clouds
392,Fort Dodge,US,2021-12-08 20:37:12,42.4975,-94.168,35.46,47,1,4.61,clear sky
393,Redmond,US,2021-12-08 20:37:13,47.674,-122.1215,48.92,85,59,1.01,broken clouds
394,Aleksandrov Gay,RU,2021-12-08 20:37:13,50.147,48.5704,35.53,82,7,18.75,clear sky
395,Xudat,AZ,2021-12-08 20:37:13,41.631,48.681,50.72,70,0,8.75,clear sky
396,Kitami,JP,2021-12-08 20:37:13,43.8031,143.8908,30.2,80,20,3.51,few clouds
397,Rovaniemi,FI,2021-12-08 20:37:14,66.5,25.7167,4.41,85,0,5.75,clear sky
398,Charagua,BO,2021-12-08 20:37:14,-19.8,-63.2167,81.97,34,97,3.58,overcast clouds
399,Maceio,BR,2021-12-08 20:37:14,-9.6658,-35.7353,85.44,70,20,17.27,few clouds
400,Zlitan,LY,2021-12-08 20:37:15,32.4674,14.5687,60.44,26,86,12.88,overcast clouds
401,Hamilton,US,2021-12-08 20:33:19,39.1834,-84.5333,42.42,59,1,3.0,clear sky
402,Norman Wells,CA,2021-12-08 20:37:15,65.282,-126.8329,10.44,85,90,11.5,light snow
403,Fuerte Olimpo,PY,2021-12-08 20:37:15,-21.0415,-57.8738,98.85,19,6,10.25,clear sky
404,Verkhnyaya Toyma,RU,2021-12-08 20:37:16,62.2349,44.9985,7.93,99,100,1.86,overcast clouds
405,Rio Gallegos,AR,2021-12-08 20:37:16,-51.6226,-69.2181,60.85,41,0,29.93,clear sky
406,Katherine,AU,2021-12-08 20:37:16,-14.4667,132.2667,77.32,88,63,6.91,broken clouds
407,Waipawa,NZ,2021-12-08 20:37:16,-41.4122,175.5153,65.03,71,84,10.02,broken clouds
408,Saint-Francois,FR,2021-12-08 20:37:17,46.4154,3.9054,39.47,92,75,5.75,broken clouds
409,Myszkow,PL,2021-12-08 20:37:17,50.5752,19.3246,25.5,95,100,10.11,overcast clouds
410,Zamora,EC,2021-12-08 20:37:17,-4.0692,-78.9567,87.04,74,100,3.02,light rain
411,Gazli,UZ,2021-12-08 20:37:18,40.1333,63.45,40.82,65,0,13.53,clear sky
412,Nenjiang,CN,2021-12-08 20:37:18,49.1833,125.2167,6.85,96,37,4.81,scattered clouds
413,Agirish,RU,2021-12-08 20:37:18,61.9247,63.0231,6.13,90,96,5.41,overcast clouds
414,Filingue,NE,2021-12-08 20:37:19,14.3521,3.3168,76.03,12,34,8.93,scattered clouds
415,Pontianak,ID,2021-12-08 20:37:19,-0.0333,109.3333,73.38,100,90,2.3,mist
416,Aykhal,RU,2021-12-08 20:38:19,66.0,111.5,-24.45,100,73,7.61,broken clouds
417,Norsup,VU,2021-12-08 20:38:19,-16.0667,167.3833,82.96,76,54,7.2,broken clouds
418,Kulhudhuffushi,MV,2021-12-08 20:38:20,6.6221,73.07,80.55,75,61,2.98,broken clouds
419,Gimli,CA,2021-12-08 20:38:20,50.6336,-96.9907,7.43,78,100,13.8,light snow
420,Ferme-Neuve,CA,2021-12-08 20:38:20,46.7001,-75.4493,17.38,86,100,6.15,overcast clouds
421,Port Blair,IN,2021-12-08 20:38:21,11.6667,92.75,78.89,75,46,12.68,scattered clouds
422,Monze,ZM,2021-12-08 20:38:21,-16.2833,27.4833,74.05,41,12,5.32,few clouds
423,Kushiro,JP,2021-12-08 20:38:21,42.975,144.3747,33.57,73,100,4.03,overcast clouds
424,Atocha,BO,2021-12-08 20:38:22,-20.9333,-66.2333,57.29,53,98,10.74,overcast clouds
425,Oregon City,US,2021-12-08 20:35:09,45.3573,-122.6068,50.41,78,75,1.99,broken clouds
426,Palana,RU,2021-12-08 20:38:22,59.1167,159.9667,7.9,80,100,15.19,light snow
427,Beipiao,CN,2021-12-08 20:38:22,41.7919,120.7792,32.34,54,100,6.24,overcast clouds
428,Anadyr,RU,2021-12-08 20:38:23,64.75,177.4833,3.7,77,75,13.42,light snow
429,Gat,IL,2021-12-08 20:38:04,31.61,34.7642,59.77,31,92,19.44,overcast clouds
430,Bereda,ES,2021-12-08 20:38:23,43.2686,-7.5406,47.91,100,100,5.95,overcast clouds
431,Presidente Medici,BR,2021-12-08 20:38:24,-11.1753,-61.9014,82.35,83,94,1.28,overcast clouds
432,Santiago Del Estero,AR,2021-12-08 20:38:24,-27.7951,-64.2615,88.81,29,97,6.08,overcast clouds
433,Matara,LK,2021-12-08 20:38:24,5.9485,80.5353,75.76,91,100,7.16,overcast clouds
434,Saint George,US,2021-12-08 20:38:25,37.1041,-113.5841,57.43,63,90,1.01,overcast clouds
435,Emerald,AU,2021-12-08 20:38:25,-23.5333,148.1667,82.98,72,0,0.0,clear sky
436,Banda Aceh,ID,2021-12-08 20:38:25,5.5577,95.3222,77.74,85,100,9.6,overcast clouds
437,Beroroha,MG,2021-12-08 20:38:26,-21.6667,45.1667,78.96,51,0,1.66,clear sky
438,Weyburn,CA,2021-12-08 20:35:02,49.6668,-103.8511,30.18,80,62,21.85,broken clouds
439,Grand-Lahou,CI,2021-12-08 20:38:26,5.1367,-5.0242,80.4,83,21,9.53,few clouds
440,The Valley,AI,2021-12-08 20:38:26,18.217,-63.0578,84.06,69,40,12.66,scattered clouds
441,Shaowu,CN,2021-12-08 20:38:26,27.3409,117.4831,49.01,82,13,0.94,few clouds
442,Osinovo,RU,2021-12-08 20:38:27,55.8809,48.881,32.09,97,100,10.94,overcast clouds
443,Macusani,PE,2021-12-08 20:38:27,-14.0833,-70.4333,45.09,79,99,6.33,overcast clouds
444,Shangqiu,CN,2021-12-08 20:38:28,34.45,115.65,43.02,78,21,2.37,few clouds
445,Pokhara,NP,2021-12-08 20:38:28,28.2333,83.9833,54.95,35,0,5.41,clear sky
446,Guadalupe Victoria,MX,2021-12-08 20:38:28,32.2869,-115.105,74.48,24,12,2.3,few clouds
447,Polunochnoye,RU,2021-12-08 20:38:28,60.8697,60.4153,6.42,94,100,2.91,overcast clouds
448,Antofagasta,CL,2021-12-08 20:38:29,-23.65,-70.4,65.48,73,56,11.3,broken clouds
449,Kurumkan,RU,2021-12-08 20:38:29,54.3,110.3,14.61,87,59,6.15,broken clouds
450,Shubarshi,KZ,2021-12-08 20:38:29,48.5872,57.1869,23.36,53,100,17.13,overcast clouds
451,Dvurechensk,RU,2021-12-08 20:38:30,56.5982,61.0953,17.98,82,99,7.81,overcast clouds
452,Heihe,CN,2021-12-08 20:38:30,50.2441,127.4902,16.38,95,52,6.78,broken clouds
453,Yangshan,CN,2021-12-08 20:38:30,28.7615,115.0287,51.93,68,100,0.49,overcast clouds
454,Tevaitoa,PF,2021-12-08 20:38:31,-16.7833,-151.5,81.28,76,59,14.23,broken clouds
455,Campos Novos,BR,2021-12-08 20:38:31,-27.4017,-51.225,71.42,43,0,4.88,clear sky
456,Bogorodskoye,RU,2021-12-08 20:38:31,56.55,37.8833,12.09,99,86,5.1,overcast clouds
457,Talnakh,RU,2021-12-08 20:38:32,69.4865,88.3972,9.21,98,100,11.36,snow
458,Tarnogskiy Gorodok,RU,2021-12-08 20:38:32,60.4997,43.5761,1.65,98,65,4.34,broken clouds
459,Mumbwa,ZM,2021-12-08 20:38:33,-14.9783,27.0619,73.83,39,52,5.99,broken clouds
460,Rimouski,CA,2021-12-08 20:35:22,48.4488,-68.524,8.28,70,100,2.91,overcast clouds
461,Morehead,US,2021-12-08 20:38:33,37.2711,-87.1764,50.14,44,1,5.01,clear sky
462,Guhagar,IN,2021-12-08 20:38:33,17.4842,73.1929,73.56,66,0,4.99,clear sky
463,Byron Bay,AU,2021-12-08 20:39:34,-28.65,153.6167,73.06,83,7,3.06,clear sky
464,Pangkalanbuun,ID,2021-12-08 20:39:34,-2.6833,111.6167,73.96,98,86,2.04,overcast clouds
465,Vicuna,CL,2021-12-08 20:39:34,-30.0319,-70.7081,58.73,30,0,7.85,clear sky
466,Olinda,BR,2021-12-08 20:39:34,-8.0089,-34.8553,82.13,74,75,6.91,broken clouds
467,Gamba,GA,2021-12-08 20:39:35,-2.65,10.0,77.97,91,49,3.74,scattered clouds
468,Shenjiamen,CN,2021-12-08 20:39:35,29.9576,122.298,58.19,74,100,4.29,overcast clouds
469,Castanos,MX,2021-12-08 20:39:35,26.7833,-101.4167,78.35,28,40,0.0,scattered clouds
470,Arroyo,ES,2021-12-08 20:39:36,41.6096,-4.7969,39.15,81,40,11.5,scattered clouds
471,Rijeka,HR,2021-12-08 20:39:36,45.3431,14.4092,47.59,85,75,8.05,moderate rain
472,Kamenka,RU,2021-12-08 20:39:37,51.3223,42.7678,36.75,83,100,14.14,overcast clouds
473,Sokoni,TZ,2021-12-08 20:39:37,-6.4333,39.55,80.47,76,100,11.77,light rain
474,Bungu,TZ,2021-12-08 20:39:37,-7.6337,39.0582,72.99,95,96,3.13,overcast clouds
475,Okato,NZ,2021-12-08 20:39:38,-39.2,173.8833,71.42,84,98,6.08,light rain
476,Chimbarongo,CL,2021-12-08 20:39:38,-34.7,-71.05,86.38,17,2,13.42,clear sky
477,Baykit,RU,2021-12-08 20:39:38,61.67,96.37,-23.58,100,90,1.7,overcast clouds
478,Bograd,RU,2021-12-08 20:39:38,54.2344,90.8328,2.95,94,79,3.24,broken clouds
479,Srednekolymsk,RU,2021-12-08 20:39:39,67.45,153.6833,-26.7,99,100,3.89,overcast clouds
480,Neiafu,TO,2021-12-08 20:39:39,-18.65,-173.9833,77.68,94,75,5.75,light rain
481,Awjilah,LY,2021-12-08 20:39:39,29.1081,21.2869,56.71,53,0,5.86,clear sky
482,Pangai,TO,2021-12-08 20:39:40,-19.8,-174.35,78.91,65,75,18.41,broken clouds
483,Goderich,CA,2021-12-08 20:39:40,43.7501,-81.7165,30.9,80,100,11.5,overcast clouds
484,Malkangiri,IN,2021-12-08 20:39:40,18.35,81.9,70.65,86,28,1.39,scattered clouds
485,Sao Jose Da Coroa Grande,BR,2021-12-08 20:39:41,-8.8978,-35.1478,80.15,78,6,7.81,clear sky
486,Guanica,PR,2021-12-08 20:39:41,17.9716,-66.908,85.12,68,26,8.99,scattered clouds
487,Smithers,CA,2021-12-08 20:39:41,54.7804,-127.1743,17.92,100,90,2.3,overcast clouds
488,Vyritsa,RU,2021-12-08 20:39:42,59.4078,30.3481,9.91,100,86,3.29,overcast clouds
489,Buchanan,LR,2021-12-08 20:39:42,5.8808,-10.0467,80.56,84,4,9.22,clear sky
490,Daru,PG,2021-12-08 20:39:42,-9.0763,143.2092,78.8,87,99,4.21,overcast clouds
491,Sile,TR,2021-12-08 20:39:43,41.1754,29.6133,51.57,73,96,0.47,overcast clouds
492,Kenai,US,2021-12-08 20:39:43,60.5544,-151.2583,15.85,87,90,0.0,light snow
493,Najran,SA,2021-12-08 20:39:43,17.4924,44.1277,54.25,14,0,2.42,clear sky
494,Magistralnyy,RU,2021-12-08 20:39:44,56.1725,107.4458,5.04,88,28,5.73,scattered clouds
495,Craig,US,2021-12-08 20:35:31,40.5153,-107.5464,42.17,49,99,22.75,overcast clouds
496,Lingyuan,CN,2021-12-08 20:39:44,41.24,119.4011,32.58,59,100,3.85,overcast clouds
497,Samarai,PG,2021-12-08 20:39:44,-10.6167,150.6667,82.09,80,100,10.54,overcast clouds
498,Venice,US,2021-12-08 20:35:56,27.0998,-82.4543,82.44,88,1,13.8,clear sky
499,Felipe Carrillo Puerto,MX,2021-12-08 20:39:45,19.5833,-88.05,80.51,84,84,4.45,broken clouds
500,Tonosho,JP,2021-12-08 20:39:45,34.4833,134.1833,44.42,62,4,4.85,clear sky
501,Nuuk,GL,2021-12-08 20:39:45,64.1835,-51.7216,30.81,69,75,14.97,broken clouds
502,Tateyama,JP,2021-12-08 20:39:45,34.9833,139.8667,52.11,71,78,23.17,broken clouds
503,Turukhansk,RU,2021-12-08 20:39:46,65.8167,87.9833,-1.03,97,100,22.79,snow
504,Ludvika,SE,2021-12-08 20:39:46,60.1496,15.1878,28.04,95,100,6.11,overcast clouds
505,Douentza,ML,2021-12-08 20:39:46,14.9951,-2.9517,77.32,13,4,5.61,clear sky
506,Sorland,NO,2021-12-08 20:39:47,67.667,12.6934,28.26,72,73,12.68,light snow
507,San Ramon,US,2021-12-08 20:39:29,37.7799,-121.978,57.27,90,90,3.0,mist
508,Ginda,IN,2021-12-08 20:39:47,30.6945,78.4932,40.8,24,0,8.14,clear sky
509,Salaga,GH,2021-12-08 20:39:47,8.5508,-0.5188,84.61,26,4,3.98,clear sky
510,Henties Bay,NA,2021-12-08 20:39:48,-22.116,14.2845,58.86,92,0,3.78,clear sky
511,Ternuvate,UA,2021-12-08 20:39:48,47.8305,36.1276,44.08,80,100,12.93,overcast clouds
512,Paamiut,GL,2021-12-08 20:40:48,61.994,-49.6678,23.07,76,100,7.02,overcast clouds
513,Kismayo,SO,2021-12-08 20:40:49,-0.3582,42.5454,80.11,80,97,8.48,moderate rain
514,Nakasongola,UG,2021-12-08 20:40:49,1.3089,32.4564,74.5,50,100,2.48,overcast clouds
515,Boueni,YT,2021-12-08 20:40:49,-12.9025,45.0761,80.58,74,0,9.35,clear sky
516,Magadan,RU,2021-12-08 20:40:50,59.5667,150.8,-25.47,81,0,6.71,clear sky
517,College,US,2021-12-08 20:40:50,64.8569,-147.8028,10.72,88,75,3.44,light snow
518,Tukrah,LY,2021-12-08 20:40:50,32.5341,20.5791,60.98,77,33,13.27,scattered clouds
519,Macapa,BR,2021-12-08 20:36:46,0.0389,-51.0664,82.38,78,75,5.75,moderate rain
520,Genhe,CN,2021-12-08 20:40:51,50.7833,121.5167,10.9,98,100,2.51,overcast clouds
521,Benghazi,LY,2021-12-08 20:40:51,32.1167,20.0667,62.64,68,31,13.06,scattered clouds
522,Portland,US,2021-12-08 20:40:39,45.5234,-122.6762,50.09,77,75,3.0,broken clouds
523,Wilmington Island,US,2021-12-08 20:40:52,32.0036,-80.9737,66.29,92,90,8.05,overcast clouds
524,Southbridge,US,2021-12-08 20:40:52,42.0751,-72.0334,36.34,66,100,4.0,overcast clouds
525,Los Llanos De Aridane,ES,2021-12-08 20:40:52,28.6585,-17.9182,64.15,74,75,15.99,broken clouds
526,Whitefish,US,2021-12-08 20:40:52,48.4111,-114.3376,41.11,81,20,13.8,few clouds
527,Constitucion,CL,2021-12-08 20:40:53,-35.3333,-72.4167,65.1,71,38,11.72,scattered clouds
528,Fortuna,US,2021-12-08 20:40:53,40.5982,-124.1573,56.19,73,90,1.99,overcast clouds
529,Namie,JP,2021-12-08 20:40:53,37.4833,141.0,47.97,79,100,16.31,overcast clouds
530,Port Macquarie,AU,2021-12-08 20:36:25,-31.4333,152.9167,65.89,92,97,2.93,overcast clouds
531,Griffith,US,2021-12-08 20:40:54,41.5284,-87.4237,36.14,61,40,3.0,scattered clouds
532,Buluang,PH,2021-12-08 20:40:54,13.3068,123.3425,74.32,90,100,6.64,overcast clouds
533,Deputatskiy,RU,2021-12-08 20:40:54,69.3,139.9,-35.54,83,98,3.31,overcast clouds
534,Basse,DE,2021-12-08 20:40:55,52.5518,9.5069,39.58,91,75,5.75,broken clouds
535,Burnie,AU,2021-12-08 20:40:55,-41.0667,145.9167,59.92,65,2,3.31,clear sky
536,Pundaguitan,PH,2021-12-08 20:40:55,6.3711,126.1689,81.25,81,100,9.73,overcast clouds
537,Shimoda,JP,2021-12-08 20:40:56,34.6667,138.95,48.11,79,44,15.7,scattered clouds
538,Hofn,IS,2021-12-08 20:40:56,64.2539,-15.2082,34.65,60,100,9.86,light snow
539,Birao,CF,2021-12-08 20:40:56,10.2849,22.7882,74.82,20,44,7.54,scattered clouds
540,Nautla,MX,2021-12-08 20:40:56,20.2167,-96.7833,79.77,76,30,7.43,scattered clouds
541,Balotra,IN,2021-12-08 20:40:57,25.8333,72.2333,63.19,32,0,7.83,clear sky
542,Huarmey,PE,2021-12-08 20:40:57,-10.0681,-78.1522,71.44,77,56,10.29,broken clouds
543,Koundara,GN,2021-12-08 20:40:57,12.4833,-13.3,82.81,16,99,4.88,overcast clouds
544,Vila Franca Do Campo,PT,2021-12-08 20:40:58,37.7167,-25.4333,61.2,69,100,4.41,overcast clouds
545,Tall Kayf,TR,2021-12-08 20:40:58,37.0833,41.0667,48.96,62,34,5.68,scattered clouds
546,Big Spring,US,2021-12-08 20:40:58,32.2504,-101.4787,77.27,17,1,5.99,clear sky
547,Pacific Grove,US,2021-12-08 20:36:43,36.6177,-121.9166,62.56,91,90,1.01,haze
548,Farafangana,MG,2021-12-08 20:40:59,-22.8167,47.8333,75.99,81,1,9.28,clear sky
549,Zeya,RU,2021-12-08 20:40:59,53.75,127.2667,11.89,93,100,5.3,overcast clouds
550,Sayyan,YE,2021-12-08 20:40:59,15.1718,44.3244,46.63,15,0,2.62,clear sky
551,Altoona,US,2021-12-08 20:37:55,40.5187,-78.3947,34.81,88,100,3.0,snow
552,Karratha,AU,2021-12-08 20:41:00,-20.7377,116.8463,87.13,42,18,6.6,few clouds
553,Mercedes,AR,2021-12-08 20:41:00,-34.6515,-59.4307,85.86,19,81,11.41,broken clouds
554,Ballina,AU,2021-12-08 20:41:00,-28.8667,153.5667,66.78,94,8,2.3,clear sky
555,Chepareria,KE,2021-12-08 20:41:01,1.3077,35.2039,62.13,74,97,4.7,overcast clouds
556,Roald,NO,2021-12-08 20:41:01,62.5833,6.1333,37.09,55,0,16.11,clear sky
557,Vaitape,PF,2021-12-08 20:41:01,-16.5167,-151.75,81.3,76,29,13.96,scattered clouds
558,San Jose,US,2021-12-08 20:38:54,37.3394,-121.895,60.71,84,90,4.61,haze
559,Urbana,US,2021-12-08 20:42:02,40.1106,-88.2073,39.29,48,1,7.0,clear sky
560,Kidal,ML,2021-12-08 20:42:02,18.4411,1.4078,70.84,14,0,11.05,clear sky
561,Kutum,SD,2021-12-08 20:42:02,14.2,24.6667,61.54,19,1,9.89,clear sky
562,Popondetta,PG,2021-12-08 20:42:02,-8.7537,148.2534,77.72,92,100,1.9,overcast clouds
563,Rorvik,NO,2021-12-08 20:42:03,64.8621,11.2373,28.51,64,0,12.66,clear sky
564,Azare,NG,2021-12-08 20:42:03,11.6765,10.1948,70.16,15,52,8.16,broken clouds
565,Port Hawkesbury,CA,2021-12-08 20:42:03,45.6169,-61.3485,30.15,69,90,3.0,light snow
566,Awbari,LY,2021-12-08 20:42:04,26.5921,12.7805,50.59,26,59,9.95,broken clouds
567,Tsaratanana,MG,2021-12-08 20:42:04,-16.7833,47.65,74.35,54,1,6.64,clear sky
568,Chipata,ZM,2021-12-08 20:42:04,-13.6333,32.65,71.24,47,40,5.32,scattered clouds
569,Roma,US,2021-12-08 20:42:03,43.2128,-75.4557,32.09,88,90,5.75,light snow
570,Penzance,GB,2021-12-08 20:42:05,50.1186,-5.5371,46.76,58,32,30.44,scattered clouds
571,Tigil,RU,2021-12-08 20:42:05,57.8,158.6667,5.38,88,95,9.44,overcast clouds
572,Dana Point,US,2021-12-08 20:42:05,33.467,-117.6981,71.67,68,3,4.0,clear sky
573,Asahikawa,JP,2021-12-08 20:42:06,43.7678,142.3703,24.57,86,5,2.71,clear sky
574,Caravelas,BR,2021-12-08 20:42:06,-17.7125,-39.2481,73.0,98,100,5.53,overcast clouds
575,Amahai,ID,2021-12-08 20:42:06,-3.3333,128.9167,78.6,84,97,5.77,overcast clouds
576,Baley,RU,2021-12-08 20:42:07,51.6,116.6333,5.63,95,98,3.38,overcast clouds
577,Liancheng,CN,2021-12-08 20:42:07,24.0519,105.075,46.81,86,43,0.6,scattered clouds
578,Buseresere,TZ,2021-12-08 20:42:07,-3.0236,31.8747,64.69,89,100,3.49,light rain
579,Ust-Nera,RU,2021-12-08 20:42:08,64.5667,143.2,-50.12,98,78,4.14,broken clouds
580,Bubaque,GW,2021-12-08 20:42:08,11.2833,-15.8333,82.51,63,68,10.36,broken clouds
581,Chhibramau,IN,2021-12-08 20:42:08,27.1483,79.4979,59.95,46,0,0.72,clear sky
582,Laguna,US,2021-12-08 20:42:09,38.421,-121.4238,56.23,89,90,1.01,fog
583,Shache,CN,2021-12-08 20:42:09,38.4167,77.2406,34.9,30,100,3.83,overcast clouds
584,Camacha,PT,2021-12-08 20:42:09,33.0833,-16.3333,60.53,72,75,9.22,broken clouds
585,Zhob,PK,2021-12-08 20:42:09,31.3411,69.4481,44.04,21,0,3.06,clear sky
586,Saint-Pierre,RE,2021-12-08 20:42:10,-21.3393,55.4781,74.84,65,0,5.75,clear sky
587,Beyneu,KZ,2021-12-08 20:41:15,45.3167,55.2,38.82,59,100,27.02,overcast clouds
588,Salalah,OM,2021-12-08 20:42:10,17.0151,54.0924,73.49,40,0,1.14,clear sky
589,Batemans Bay,AU,2021-12-08 20:40:23,-35.7167,150.1833,63.19,93,100,3.49,light rain
590,Colares,PT,2021-12-08 20:42:10,38.7992,-9.4469,56.28,73,70,1.01,broken clouds
591,Celestun,MX,2021-12-08 20:42:11,20.8667,-90.4,83.44,66,23,11.54,few clouds
592,Rincon,US,2021-12-08 20:42:11,32.296,-81.2354,66.16,94,90,5.75,overcast clouds
593,Linxia,CN,2021-12-08 20:42:11,35.6003,103.2064,26.62,73,2,3.09,clear sky
594,Kandrian,PG,2021-12-08 20:42:12,-6.2167,149.55,79.12,87,100,5.17,overcast clouds
595,Khairpur Nathan Shah,PK,2021-12-08 20:42:12,27.0936,67.7337,62.02,30,0,1.68,clear sky
596,Tiarei,PF,2021-12-08 20:42:12,-17.5333,-149.3333,82.42,72,37,15.41,scattered clouds
597,Aksehir,TR,2021-12-08 20:42:13,38.3575,31.4164,40.41,84,64,4.34,broken clouds
598,San Quintin,MX,2021-12-08 20:42:13,30.4833,-115.95,64.98,68,73,10.58,broken clouds
599,Merrill,US,2021-12-08 20:42:13,45.1805,-89.6835,22.8,66,1,3.44,clear sky
600,Kiama,AU,2021-12-08 20:42:14,-34.6833,150.8667,63.37,95,100,10.02,light rain
601,Teknaf,BD,2021-12-08 20:42:14,20.8624,92.3058,73.35,90,9,4.34,clear sky
602,Nisia Floresta,BR,2021-12-08 20:42:14,-6.0911,-35.2086,85.01,77,6,9.33,clear sky
603,Mangan,IN,2021-12-08 20:42:14,27.5167,88.5333,55.81,42,3,7.49,clear sky
604,Saint-Denis,FR,2021-12-08 20:42:15,48.9167,2.3333,39.97,90,0,8.05,clear sky
605,Ekibastuz,KZ,2021-12-08 20:42:15,51.6667,75.3667,-2.4,87,12,8.72,few clouds
606,Mangaluru,IN,2021-12-08 20:43:15,12.8667,74.8833,77.86,78,0,0.0,clear sky
607,Ketchikan,US,2021-12-08 20:38:53,55.3422,-131.6461,34.27,93,40,3.44,light rain
608,Bilibino,RU,2021-12-08 20:43:16,68.0546,166.4372,-40.43,99,99,0.94,overcast clouds
609,Mirnyy,RU,2021-12-08 20:43:16,62.5353,113.9611,-15.88,96,100,5.17,overcast clouds
610,Chatham,GB,2021-12-08 20:39:21,51.3789,0.5279,44.69,78,92,4.0,overcast clouds
611,Trinidad,BO,2021-12-08 20:43:16,-14.8333,-64.9,91.38,62,75,6.91,broken clouds
612,Dzhebariki-Khaya,RU,2021-12-08 20:43:17,62.2167,135.8,-17.59,95,100,1.81,overcast clouds
613,Lompoc,US,2021-12-08 20:43:17,34.6391,-120.4579,70.7,68,1,0.0,clear sky
614,Khash,IR,2021-12-08 20:43:17,28.2211,61.2158,45.03,28,4,3.71,clear sky
615,Amboasary,MG,2021-12-08 20:43:18,-25.0333,46.3833,78.64,82,24,6.49,few clouds
616,Bull Savanna,JM,2021-12-08 20:43:18,17.8868,-77.5902,79.72,70,37,13.35,scattered clouds
617,Kuching,MY,2021-12-08 20:43:18,1.55,110.3333,75.42,100,40,0.0,scattered clouds
618,Kumano,JP,2021-12-08 20:43:19,34.3442,132.5894,44.89,80,5,7.72,clear sky
619,Caldercruix,GB,2021-12-08 20:43:19,55.8889,-3.8866,39.74,88,92,3.58,overcast clouds
620,Oktyabrskiy,RU,2021-12-08 20:43:19,54.4815,53.471,24.76,90,100,11.1,overcast clouds
621,Neftcala,AZ,2021-12-08 20:43:20,39.3742,49.2472,53.96,91,0,4.47,clear sky
622,Taltal,CL,2021-12-08 20:43:20,-25.4,-70.4833,67.23,70,45,8.77,scattered clouds
623,Burgeo,CA,2021-12-08 20:43:20,47.6167,-57.6152,31.14,58,100,15.14,overcast clouds
624,Buraydah,SA,2021-12-08 20:43:20,26.326,43.975,61.25,22,73,10.58,broken clouds
625,Hayden,US,2021-12-08 20:43:21,47.766,-116.7866,45.48,80,90,0.0,overcast clouds
626,Chatrapur,IN,2021-12-08 20:43:21,19.35,84.9833,72.7,78,43,7.65,scattered clouds
627,Inhambane,MZ,2021-12-08 20:43:21,-23.865,35.3833,77.4,78,96,7.67,overcast clouds
628,Maumere,ID,2021-12-08 20:43:22,-8.6199,122.2111,79.23,84,100,5.48,light rain
629,Liwale,TZ,2021-12-08 20:43:22,-9.7667,37.9333,70.3,87,1,4.45,clear sky
630,Guilin,CN,2021-12-08 20:43:22,25.2819,110.2864,50.11,64,98,3.87,overcast clouds
631,Tariba,VE,2021-12-08 20:43:22,7.8188,-72.2243,77.56,60,96,0.47,overcast clouds
632,Maldonado,UY,2021-12-08 20:43:23,-34.6667,-54.9167,76.39,52,39,17.54,scattered clouds
633,Auburn,US,2021-12-08 20:43:23,47.3073,-122.2284,48.74,76,75,5.99,broken clouds
634,Bilma,NE,2021-12-08 20:43:23,18.6853,12.9164,63.91,13,25,7.63,scattered clouds
635,Arlit,NE,2021-12-08 20:43:24,18.7369,7.3853,65.08,12,68,5.39,broken clouds
636,Comodoro Rivadavia,AR,2021-12-08 20:41:25,-45.8667,-67.5,58.86,44,0,20.71,clear sky
637,Oistins,BB,2021-12-08 20:43:24,13.0667,-59.5333,82.49,69,40,20.71,scattered clouds
638,Balakhninskiy,RU,2021-12-08 20:43:24,58.0106,114.2769,15.69,89,99,15.57,light snow
639,Mountain Home,US,2021-12-08 20:43:25,43.133,-115.6912,47.41,54,99,10.27,overcast clouds
640,Valdivia,CL,2021-12-08 20:43:25,-39.8142,-73.2459,80.69,31,1,4.54,clear sky
641,Ovalle,CL,2021-12-08 20:43:25,-30.5983,-71.2003,81.16,33,0,8.57,clear sky
642,Beira,MZ,2021-12-08 20:43:25,-19.8436,34.8389,82.49,83,40,17.27,scattered clouds
643,Campbell River,CA,2021-12-08 20:43:26,50.0163,-125.2446,45.93,77,75,3.44,broken clouds
644,Talara,PE,2021-12-08 20:43:26,-4.5772,-81.2719,75.96,64,0,18.41,clear sky
645,Nome,US,2021-12-08 20:38:49,64.5011,-165.4064,6.87,67,1,4.61,clear sky
646,Minas,UY,2021-12-08 20:43:26,-34.3759,-55.2377,75.67,42,13,16.49,few clouds
647,Eyl,SO,2021-12-08 20:43:27,7.9803,49.8164,75.42,68,98,19.77,overcast clouds
648,Asekeyevo,RU,2021-12-08 20:43:27,53.5742,52.7972,24.08,91,100,11.72,overcast clouds
649,Opunake,NZ,2021-12-08 20:43:27,-39.4556,173.8583,72.34,84,90,10.45,overcast clouds
650,Berezniki,RU,2021-12-08 20:43:28,59.4152,56.8124,18.84,96,100,7.09,light snow
651,Port Hedland,AU,2021-12-08 20:43:28,-20.3167,118.5667,86.05,54,13,8.05,few clouds
652,Oktyabrskoye,RU,2021-12-08 20:43:28,43.0645,44.7417,32.14,100,40,2.24,mist
653,Rehoboth,NA,2021-12-08 20:43:29,-23.3167,17.0833,72.57,18,0,3.74,clear sky
654,Pangody,RU,2021-12-08 20:44:29,65.85,74.4859,17.08,89,100,24.96,overcast clouds
655,Bowen,AU,2021-12-08 20:44:29,-20.0167,148.2333,75.42,80,76,5.28,broken clouds
656,Sisophon,KH,2021-12-08 20:44:30,13.5859,102.9737,72.77,72,100,9.1,overcast clouds
657,Sechura,PE,2021-12-08 20:44:30,-5.5569,-80.8222,78.3,60,78,17.9,broken clouds
658,Tambacounda,SN,2021-12-08 20:44:30,13.7539,-13.7586,86.05,19,96,4.61,haze
659,Olafsvik,IS,2021-12-08 20:44:27,64.8945,-23.7142,35.74,83,100,26.82,overcast clouds
660,Kapuskasing,CA,2021-12-08 20:42:15,49.4169,-82.4331,5.09,72,75,6.91,broken clouds
661,Nanfeng,CN,2021-12-08 20:44:31,23.7434,111.7959,57.56,68,30,2.26,scattered clouds
662,Kousseri,CM,2021-12-08 20:44:31,12.0769,15.0306,76.96,18,23,6.91,dust
663,Arawa,PG,2021-12-08 20:44:31,-6.2132,155.5367,79.97,89,100,2.91,overcast clouds
664,Ler,SS,2021-12-08 20:44:32,8.3018,30.1418,80.29,26,55,5.48,broken clouds
665,Marsh Harbour,BS,2021-12-08 20:44:32,26.5412,-77.0636,78.04,79,51,11.03,broken clouds
666,Umm Lajj,SA,2021-12-08 20:44:32,25.0213,37.2685,68.67,45,43,19.69,scattered clouds
667,Sirmaur,IN,2021-12-08 20:44:32,24.85,81.3833,58.53,41,0,1.92,clear sky
668,Puerto El Triunfo,SV,2021-12-08 20:44:33,13.2833,-88.55,97.66,56,100,5.3,overcast clouds
669,Ashland,US,2021-12-08 20:42:24,40.8167,-82.2665,32.14,83,100,8.81,overcast clouds
670,Apiai,BR,2021-12-08 20:44:33,-24.5094,-48.8425,61.18,73,52,5.17,broken clouds
671,Jibuti,DJ,2021-12-08 20:44:33,11.5,42.5,71.02,67,0,11.41,clear sky
672,Karpogory,RU,2021-12-08 20:44:34,64.0019,44.4451,10.29,97,100,3.51,overcast clouds
673,Wilmington,US,2021-12-08 20:39:58,34.2257,-77.9447,49.95,96,90,12.66,overcast clouds
674,Moree,AU,2021-12-08 20:44:34,-29.4667,149.85,66.22,77,75,12.66,broken clouds
675,Severnyy,RU,2021-12-08 20:44:34,50.677,36.5532,39.24,100,90,8.95,mist
676,Mandera,KE,2021-12-08 20:44:35,3.9366,41.867,86.72,35,40,6.49,scattered clouds
677,Madang,PG,2021-12-08 20:44:35,-5.2246,145.7966,75.76,92,100,8.95,overcast clouds
678,Labrea,BR,2021-12-08 20:44:35,-7.2586,-64.7981,84.96,76,86,2.26,light rain
679,Ponta Delgada,PT,2021-12-08 20:44:36,37.7333,-25.6667,61.5,72,75,2.3,broken clouds
680,Nantucket,US,2021-12-08 20:44:36,41.2835,-70.0995,37.96,88,100,16.62,moderate rain
681,Sakakah,SA,2021-12-08 20:44:36,29.9697,40.2064,60.37,30,0,18.48,clear sky
682,Pineville,US,2021-12-08 20:44:36,31.3224,-92.4343,65.25,56,1,6.91,clear sky
683,Mandeville,JM,2021-12-08 20:44:37,18.0417,-77.5071,77.05,72,48,8.05,scattered clouds
684,Canapi,BR,2021-12-08 20:44:37,-9.1174,-37.6012,86.72,46,98,12.91,overcast clouds
685,Dubna,RU,2021-12-08 20:44:38,56.7333,37.1667,1.98,97,55,4.59,broken clouds
686,Yulin,CN,2021-12-08 20:44:38,22.6333,110.15,65.3,64,100,1.59,overcast clouds
687,Denpasar,ID,2021-12-08 20:44:38,-8.65,115.2167,80.26,88,20,3.44,few clouds
688,Roebourne,AU,2021-12-08 20:44:38,-20.7833,117.1333,87.93,39,17,3.89,few clouds
689,Zanjan,IR,2021-12-08 20:44:39,36.6736,48.4787,41.49,59,0,9.51,clear sky
690,Cerro Cama,PA,2021-12-08 20:44:39,9.03,-79.905,88.48,78,70,7.31,broken clouds
691,Alihe,CN,2021-12-08 20:44:39,50.5667,123.7167,10.27,96,78,1.28,broken clouds
692,Alvarado,MX,2021-12-08 20:44:40,18.7667,-95.7667,85.28,80,17,7.61,few clouds
693,Mayor Pablo Lagerenza,PY,2021-12-08 20:44:40,-19.9309,-60.7718,98.85,24,42,7.36,scattered clouds
694,Verkhnevilyuysk,RU,2021-12-08 20:44:40,63.4453,120.3167,-27.13,99,100,1.57,overcast clouds
695,Eyrarbakki,IS,2021-12-08 20:44:41,63.863,-21.1481,33.85,83,100,20.74,heavy snow
696,Kamaishi,JP,2021-12-08 20:44:41,39.2667,141.8833,44.76,72,100,14.2,overcast clouds
697,Luau,AO,2021-12-08 20:44:41,-10.7073,22.2247,65.37,98,99,8.39,moderate rain
698,Chitungwiza,ZW,2021-12-08 20:44:42,-18.0127,31.0756,69.93,41,64,8.99,broken clouds
699,Buala,SB,2021-12-08 20:45:42,-8.145,159.5921,81.41,84,100,7.49,light rain
700,Corralillo,CU,2021-12-08 20:45:42,22.9819,-80.5856,81.45,72,16,12.68,few clouds
701,Thunder Bay,CA,2021-12-08 20:43:37,48.4001,-89.3168,16.56,63,20,8.05,few clouds
702,Thessalon,CA,2021-12-08 20:42:15,46.2501,-83.5666,25.29,84,55,12.73,broken clouds
703,Novo Aripuana,BR,2021-12-08 20:45:43,-5.1206,-60.3797,81.36,89,90,2.42,overcast clouds
704,Saskatoon,CA,2021-12-08 20:44:32,52.1168,-106.6345,30.16,89,75,3.0,light snow
705,Danane,CI,2021-12-08 20:45:43,7.2596,-8.155,75.7,47,6,1.54,clear sky
706,Port Hardy,CA,2021-12-08 20:45:10,50.6996,-127.4199,42.8,81,75,14.97,light intensity shower rain
707,Pryyutivka,UA,2021-12-08 20:45:43,48.7209,33.0708,42.93,93,100,5.59,overcast clouds
708,Bonthe,SL,2021-12-08 20:45:44,7.5264,-12.505,81.41,81,0,7.16,clear sky
709,Paka,MY,2021-12-08 20:45:44,4.6374,103.4368,76.98,88,96,0.0,overcast clouds
710,Bathurst,AU,2021-12-08 20:45:08,-33.4166,149.5806,55.85,95,84,1.01,broken clouds
711,Mukhen,RU,2021-12-08 20:45:44,48.1,136.1,16.68,86,21,5.08,few clouds
712,Bac Lieu,VN,2021-12-08 20:45:45,9.285,105.7244,75.69,79,100,2.46,overcast clouds
713,Atasu,KZ,2021-12-08 20:45:45,48.6814,71.6433,-6.65,98,7,5.35,clear sky
714,Canarana,BR,2021-12-08 20:45:45,-11.6847,-41.7689,76.46,68,96,3.89,light rain
715,Kununurra,AU,2021-12-08 20:45:45,-15.7667,128.7333,75.18,88,40,11.5,moderate rain
716,Springfield,US,2021-12-08 20:44:35,37.2153,-93.2982,56.17,40,1,3.0,clear sky
717,Saint-Jean-Port-Joli,CA,2021-12-08 20:45:46,47.2171,-70.2658,16.88,69,100,6.76,overcast clouds
